Id,Label
FarleyEye,FarleyEye
APR_Radio,APR_Radio
ScottLegler,ScottLegler
LAmaleCA,LAmaleCA
walicolt2020,walicolt2020
steeveedee63,steeveedee63
Natalie_Page,Natalie_Page
LaughingRedhead,LaughingRedhead
AprilTheSocialM,AprilTheSocialM
Frambozen,Frambozen
MrDVillanueva,MrDVillanueva
NJPoisonCenter,NJPoisonCenter
GypsyRoseKnows,GypsyRoseKnows
Bchamcharatsri,Bchamcharatsri
bck27,bck27
therunawaymama,therunawaymama
romainelettuc10,romainelettuc10
HoustonPubMedia,HoustonPubMedia
Data_Dreamer,Data_Dreamer
KBow5,KBow5
MichaelHenrich,MichaelHenrich
PoojaOnTV,PoojaOnTV
sportsterchic,sportsterchic
TheExpGourmand,TheExpGourmand
ncchrisp,ncchrisp
mailtribune,mailtribune
topdog1209,topdog1209
LaughItOff,LaughItOff
KVUE,KVUE
cbs11doug,cbs11doug
MariettaPosts,MariettaPosts
danadanewfame,danadanewfame
westerndigital,westerndigital
tiniskwerl,tiniskwerl
TannerBeymer,TannerBeymer
JimmyXJames,JimmyXJames
MigTorres314,MigTorres314
SpencerRicks,SpencerRicks
WxManAJB,WxManAJB
CaseyCorliss,CaseyCorliss
ImManscaped,ImManscaped
KateManning10,KateManning10
